Alveolar organoids,,,,,LPS-treated in vivo,,,,,Human control and IPF patient lungs,,,,
AEC2,AEC2-proliferating,PATS,AEC1,,AEC2,AEC2-proliferating,PATS,AEC1,,AEC2,PATS-like,AEC1,,
Scd1,Top2a,Clu,Ager,,Lyz2,Tuba1b,S100a6,Ager,,SFTPA1,KRT17,AGER,,
Lyz2,Hmgb2,Cldn4,Hopx,,Lrg1,Stmn1,Sfn,Sparc,,SFTPA2,MMP7,CAV1,,
Cxcl15,Mki67,Krt18,Akap5,,Cxcl15,Tubb5,Tmsb10,Cryab,,SFTPC,PRSS2,EMP2,,
Slc34a2,Tubb5,Nupr1,Timp3,,Chil1,Hmgb2,Cldn4,Emp2,,PGC,IGFBP7,RGCC,,
Lrg1,Ptma,S100a6,Cldn18,,Gm43085,Birc5,Clu,Igfbp7,,FABP5,SOX4,S100A4,,
Lcn2,Tuba1b,Krt7,Clic5,,Sftpb,Cdk1,AW112010,Gprc5a,,SLPI,S100A2,RTKN2,,
Sftpc,Cenpf,Sfn,Emp2,,Lcn2,Cdc20,Krt19,Akap5,,LRRK2,MDK,TIMP3,,
Gm43085,Prc1,Krt8,Ndnf,,Scd1,Top2a,Krt18,Clic5,,LAMP3,TAGLN,CD55,,
Selenbp1,Stmn1,Krt19,Sparc,,Cbr2,Cks1b,Anxa1,Timp3,,PIGR,GDF15,CEACAM6,,
Fabp5,Smc2,Cldn18,Igfbp7,,Rnase4,H2afz,Krt8,Cav1,,SFTPD,KRT7,UPK3B,,
Serpine1,Cenpe,F3,Sec14l3,,Sftpa1,Cks2,Tpm2,Clic3,,CTSH,FN1,MYL9,,
Napsa,Pclaf,S100a14,Dag1,,Lyz1,Tubb4b,Krt7,Tppp3,,PLA2G1B,IFI27,CYP4B1,,
Tgoln1,Smc4,Cdkn1a,Gprc5a,,Slc34a2,Spc24,Serpinb9,Nnat,,FASN,COL1A1,CAV2,,
Acsl4,Nucks1,Myl12a,Malat1,,Hc,Pclaf,Anxa2,Krt7,,ABCA3,TM4SF1,ANXA2,,
Chil1,Tuba1c,Tpm1,Clic3,,Sftpc,Tuba1c,Ifitm3,Fbln5,,SCD,IL32,ADIRF,,
Sftpb,Dek,Sprr1a,Vegfa,,Apoc1,Prc1,Epcam,S100a6,,DBI,TMSB10,KRT7,,
Elovl1,H2afz,Fn1,Msn,,Il33,Jpt1,Lgals3,Aqp5,,NAPSA,TACSTD2,MT2A,,
Fasn,Tpx2,Anxa1,Serpinb9,,Fabp5,Lockd,Tnip3,Bcam,,DMBT1,CD24,S100A10,,
Atp1b1,Hmgb1,Ctgf,Bcam,,Lpcat1,Cenpa,Sox4,Cldn18,,MFSD2A,OCIAD2,ANXA3,,
Lamp3,Hmmr,Malat1,Col4a4,,Bex2,Arl6ip1,Anxa5,Ndnf,,C16orf89,CTSE,LMO7,,
Npc2,Birc5,Calm1,Pdgfa,,Fasn,Ptma,Cyr61,Serpinb9,,CXCL17,CEACAM6,SPOCK2,,
Lpcat1,Sgo2a,Emp2,Sema3e,,Lamp3,Nusap1,Cavin3,Crip2,,HHIP,ANXA2,GPRC5A,,
Il33,Tubb4b,Igfbp7,S100a14,,Abca3,Mki67,Tuba1a,Sec14l3,,NPC2,VIM,RAB11FIP1,,
Adgrf5,Arl6ip1,Sox4,Col4a3,,S100g,Ran,S100a11,2200002D01Rik,,CA2,PTGS2,CLIC3,,
Phgr1,Lig1,Tnfrsf12a,Serpinb6b,,Cd36,Pbk,Serpinb1a,Hopx,,SFTPB,PCSK1N,AHNAK,,
Ckmt1,Hnrnpab,Actg1,Icam1,,Tgoln1,Pcna,Crip1,Prdx6,,CEBPD,TPM1,CRIP1,,
Scd2,H1f0,Gprc5a,Lmo7,,Mid1ip1,Tmpo,Lgals1,Dpysl2,,TTN,S100A10,TSPAN13,,
S100g,Anp32b,Actn1,Fbln5,,Pla2g1b,Cdca3,Ccl20,Vegfa,,MID1IP1,KRT19,NTM,,
Me1,Ncl,Ly6e,Gramd2,,Soat1,Ccnb1,Actn1,Cav2,,C11orf96,KRT8,IGFBP7,,
Ptprf,Kif20b,Anxa3,Aqp5,,mt-Rnr2,H2afv,Mfge8,Cd9,,FTL,CST6,KRT19,,
Fosb,Hist1h1e,Hopx,Limch1,,Cox6a2,Nucks1,Ubd,Msn,,ALOX15B,LBH,SCEL,,
Atp11a,Ran,Epcam,Itgb6,,Itih4,Cenpf,Tubb5,Pmp22,,TFPI,TUBA1A,IL32,,
Rnase4,Cdc20,Csrp1,Nnat,,Cat,Crip1,Ywhah,Krt19,,CSF3R,CDKN1A,DUSP1,,
Id2,Cdk1,Lgals3,Krt7,,Dmkn,Ranbp1,S100a10,Pdpn,,CYB5A,FHL2,IFI27,,
Eif4h,Hnrnpa3,Ankrd1,Hs2st1,,Scgb1c1,Rrm2,Hspb1,Lgals3,,ALPL,STMN1,ANKRD29,,
Sftpa1,Ckap4,S100a10,Sptbn1,,Herpud1,H2afx,2200002D01Rik,Tspan8,,DCXR,TMSB4X,CD151,,
Atp1a1,Nusap1,Msn,Cavin2,,Napsa,Ywhah,Nfkbia,Lmo7,,SERPINA1,TRAM1,FMO2,,
Abca3,Hsp90aa1,Tpm4,Scnn1a,,Slpi,Ccnb2,Cyba,Anxa5,,PEBP4,ZFP36L1,DST,,
Soat1,Cdca8,Myl12b,Prdx6,,Acsl4,Calm2,F3,Timp2,,FMO5,LGALS1,GAS6,,
,Cks1b,Tspo,Myl12a,,mt-Nd2,Ccna2,Cd24a,Anxa3,,CD74,SFN,CLIC5,,
,Rrm1,S100a11,Anxa3,,Hdc,Spc25,Cd81,Cyr61,,SLC34A2,CRIP2,ACTB,,
,Rangap1,Tpm2,Ppp3ca,,Hp,Rad21,Lurap1l,Tmem37,,NNMT,MARCKSL1,MYL12A,,
,Spc24,Basp1,Tmsb4x,,Atp6v1c2,Anp32b,Myl12a,S100a11,,S100A14,PERP,MT1E,,
,Incenp,Cald1,Mthfd1,,Lrrk2,Smc4,S100a14,Pdlim2,,WIF1,ITGA2,B2M,,
,Ezh2,Itgb6,Myl6,,Acot7,Dut,Tpm1,Icam1,,DRAM1,S100A11,MS4A15,,
,Lmnb1,Anxa5,Lamc2,,Car8,Hsp90aa1,Igfbp7,Ppic,,RPS4X,CALD1,SEMA3B,,
,Smc1a,Dstn,Gsn,,Acoxl,Tpm4,Marcksl1,Serpinb6b,,SDR16C5,LAMC2,TACSTD2,,
,Cenpa,Nfkbia,Tgfb2,,Cebpa,Ppia,Cfl1,Mettl7a1,,MSMO1,LAMB3,ANOS1,,
,Rrm2,Ctnna1,Slc44a2,,Dram1,Cenpm,Myl12b,Dag1,,LL22NC03-N95F10.1,KRT18,PRDX1,,
,Txnrd1,Itgb1,Ier3,,Tspan11,Tyms,Hsp90ab1,Ehd2,,MGST1,PRSS23,LAMA3,,
,Pbk,Actb,Pmp22,,Cpm,Dek,Serpinh1,Myl12a,,INSIG1,CXCL14,LGALS1,,
,Ranbp1,Serpinb9,Bsg,,Lrp2,Lmnb1,Eno1,Col4a3,,LPCAT1,SERINC2,NCKAP5,,
,Dut,Myh9,Crip2,,Errfi1,Nrm,Ptma,Samhd1,,NRGN,CD151,TNNC1,,
,Usp1,Mfge8,Cd74,,Slco4c1,Smc2,Rtn4,Col4a4,,HLA-DRA,APP,TNFRSF12A,,
,Tmpo,Ptgs2,Samhd1,,mt-Nd5,Racgap1,Anxa3,Selenbp1,,STEAP4,C4orf48,WFS1,,
,Cbx5,Rab11fip1,Rab11fip1,,Bex4,Bub3,Calm1,S100a14,,FGGY,CCND2,KRT18,,
,Ncapg,Crip2,Agrn,,Acot1,Hmgb1,Gadd45b,Capzb,,C3,CDKN2A,COL4A2,,
,Knl1,Tmsb10,Tns1,,Selenop,Cdkn2d,Sparc,Anxa1,,TACC2,PLAU,COL4A3,,
,Rad21,Cdh1,Cryab,,Snhg11,Ccdc34,Plb1,Anxa2,,EPHX1,TMEM98,FSTL3,,
,Atad2,Eif1,Npnt,,Epas1,Tk1,Tacstd2,Myl12b,,C2,C19orf33,CRIP2,,
,Anp32e,F11r,Fam174b,,Nrn1,Hnrnpab,Cxcl16,Gsn,,CHI3L1,CCND1,ANXA1,,
,Ccna2,Cavin3,Cd81,,Chia1,Mad2l1,Ifngr1,Fam189a2,,TMEM243,ITGAV,FAM105A,,
,Kif15,Flna,S100a11,,mt-Nd1,Srsf3,Eif4a1,Myl6,,MACROD2,RPS27L,COL12A1,,
,Rps2,Vmp1,S100a6,,Npc2,Lsm6,Actb,Cavin2,,HMGCS1,DST,AQP4,,
,Nap1l1,Rtn4,Krt19,,mt-Nd4,Banf1,Tnfrsf12a,Actb,,HLA-DPA1,MYL6,ALCAM,,
,Bub1,Sparc,Myo1b,,Lgi3,Hist1h2ae,Tmem176b,Scnn1a,,ZNF385B,PMEPA1,KLF6,,
,,Hsp90ab1,Mal2,,Cited2,Cdkn3,Clic1,Gadd45b,,CRTAC1,STOM,TAGLN2,,
,,Lmo7,Myh14,,Sfta2,Cdca8,Tspo,Gramd2,,HLA-DPB1,HSPB1,CLDN18,,
,,Clic5,Tspan8,,Slc31a1,Dctpp1,Itgb6,Bsg,,SOD3,CRLF1,ACTG1,,
,,Myl6,Mettl7a1,,Nucb2,Ckap2,Cldn7,Pdgfa,,CACNA2D2,PCP4,MYL6,,
,,B2m,Qk,,Mlc1,Pmf1,Psmd8,Tspan15,,SELENBP1,HLA-A,ARHGEF26,,
,,Klf6,Hbegf,,Ppp1r14c,Ezh2,Pfn1,St6galnac2,,MLPH,ITGB6,CD9,,
,,Timp3,F11r,,mt-Co1,Hmgn2,Bst2,Limch1,,RASGRF1,CYR61,LGALS3,,
,,Msln,Tmem37,,Acly,Ptms,Tpm4,Galnt18,,SECISBP2L,PDLIM4,DSTN,,
,,Cd81,Cnn2,,Adam19,Hmmr,Lpcat4,Ctnna1,,MAOA,GSN,COL8A1,,
,,Rdh10,Mprip,,Mgst1,H2afy,Msn,Ier3,,RPS2,DPYSL3,CALM2,,
,,Ctsl,Rtkn2,,Npw,Prdx4,Hspa8,Crlf1,,TPT1,S100A16,GGTLC1,,
,,Cxcl16,Cd9,,Retnla,Cmc2,Jpt1,Hs2st1,,SLC22A31,CCL2,MYADM,,
,,Gadd45b,Ctnna1,,Anpep,Ect2,Icam1,F11r,,PTPN13,GPRC5A,VEGFA,,
,,Mcam,Magi3,,Sftpd,Dynll1,Fn1,Ppp3ca,,CXCL2,GAS6,ITM2B,,
,,Ndnf,Apc,,Atp1b1,Ube2c,Lhfp,Tmsb10,,DUSP6,MYH9,PLAC8,,
,,Tagln2,Cdkn2b,,Cebpd,Cdkn2c,Lmna,Selenof,,EEF1A1,ITGB1,ICAM1,,
,,Psmd8,Lrpap1,,Gstp3,Rnaseh2c,Cd47,Fdx1,,AKAP13,PHLDA2,SDPR,,
,,Timp2,Anxa5,,H2afj,Epcam,Cd9,Rab11fip1,,SCGB3A1,THBS1,HOPX,,
,,Cfl1,Cavin1,,Smim6,Snrpd1,Zfp36l1,Cd81,,HLA-DRB5,PALLD,GGT1,,
,,Ano1,Akap13,,Dcxr,Fkbp2,Bhlhe40,Mlf2,,CHI3L2,SLCO2A1,EFEMP1,,
,,Actn4,Ano1,,Fgfr2,Incenp,Cstb,Cystm1,,CPB2,CLDN4,GADD45B,,
,,S100a1,Filip1l,,Cd302,Rrm1,Ffar4,Tmem176b,,AK1,CFL1,ADRB2,,
,,,Myl12b,,Dbi,Plk1,Mif,Bmp4,,LPL,PON2,LY6E,,
,,,Tead1,,H6pd,Cep55,Cdk4,Ahnak,,PLA2G4F,RAB11FIP1,DENND3,,
,,,Ltbp3,,Scamp1,Rangap1,Ly6a,Serpinh1,,ACSL4,VCAN,NEDD9,,
,,,2200002D01Rik,,Rprm,Aurka,Tagln2,Plb1,,SLC6A14,SH3BGRL3,S100A6,,
,,,Ehd2,,Rab27a,Trim59,Spint1,Ctsh,,TXNIP,CRIP1,SLC39A8,,
,,,Susd2,,Ces1d,Aurkb,Tgfb2,Mal2,,PARM1,ACTG1,PDLIM2,,
,,,Arid5b,,Snx25,Dnajc9,Npm1,Krt18,,PMM1,CLDN1,GSN,,
,,,2810474O19Rik,,Col6a1,Ube2t,Hnrnpf,Ypel3,,CD36,CD9,CST6,,
,,,Ppic,,Spink5,1810037I17Rik,Dynll1,Pxdc1,,SOD2,ARL4C,MYL12B,,
,,,Wwp1,,Chsy1,Tmsb10,Junb,Krtap17-1,,CCDC141,TNC,FOLR1,,
,,,H2-Ab1,,Secisbp2l,Hdgf,Rnh1,Npnt,,ACSL1,TUBB,YWHAH,,
,,,Scnn1g,,Elovl1,Ckap4,Trp53,Fads3,,SFTA2,GJA1,PCYOX1,,
,,,Nedd9,,Etv5,Alyref,Ywhaq,Clu,,RPL11,S100A6,NDNF,,
,,,Crlf1,,Tmprss4,Mis18a,Atp5b,Malat1,,TMEM97,ACTB,TMSB4X,,
,,,H2-Eb1,,Lbp,Rbbp7,Dusp1,Cdipt,,IDI1,CDH1,KLK11,,
,,,Gde1,,Atp7b,H3f3a,Crlf1,Crip1,,HHIP-AS1,ANXA3,MSLN,,
,,,Slc6a14,,Ly6c2,Lig1,Gprc5a,Cavin1,,RPS9,EPCAM,PDPN,,
,,,Gadd45b,,,Zfp367,Cdc42,Rhoa,,SLC25A5,IFI6,C19orf33,,
,,,Calm2,,,Lsm5,Areg,Fam174b,,RPS12,RHOC,EFNA1,,
,,,Tbl1x,,,Clic1,Timp2,Cavin3,,RPL6,MYL9,COL4A1,,
,,,Cystm1,,,Snrpe,Myl6,Hdgf,,FADS1,ATF3,RARRES3,,
,,,Gpx4,,,Kif11,Cldn18,Nkx2-1,,DHCR24,PSAP,CFLAR,,
,,,Eps8l2,,,H1f0,Dstn,Myh14,,ETV1,AGRN,HLA-C,,
,,,Pdlim2,,,Tagln2,Rhoa,Itgb6,,RPL3,HN1,FXYD3,,
,,,S100a1,,,Lbr,Crip2,Tmem176a,,LGI3,HMGB3,PLLP,,
,,,Selenow,,,G2e3,Cct8,Sema3b,,ETV5,DSP,FLNA,,
,,,,,,Hpf1,Rplp0,Krt8,,SNX30,ABLIM1,SUSD2,,
,,,,,,Arpp19,Ran,Eva1b,,EEF2,SDC1,CAPN2,,
,,,,,,Gmnn,H2-D1,Tmsb4x,,KIAA1324L,TNFRSF12A,TMSB10,,
,,,,,,Anp32e,Litaf,Lrpap1,,RPLP0,TPM4,ABLIM1,,
,,,,,,Anln,Csrp1,Slc6a14,,IRX3,MYL12B,ITLN2,,
,,,,,,Iqgap3,Rin2,Pard6b,,RPL19,HLA-B,VAMP8,,
,,,,,,Mcm6,Capzb,Gng5,,RP11-259K15.2,BACE2,MT1X,,
,,,,,,Cycs,Rps2,Gpx4,,ETS2,MXRA8,MALAT1,,
,,,,,,Lsm2,Pkm,Slc44a2,,RPS6,CDH3,EDN1,,
,,,,,,Arhgap11a,Cdkn1a,Plp2,,RPS3,NEDD9,IFI6,,
,,,,,,Nsmce1,Ywhae,Cers2,,MUC1,FSTL3,TUBA1A,,
,,,,,,Gapdh,Pglyrp1,Asah1,,AQP3,ITM2B,ABCA1,,
,,,,,,H1fx,Cd44,Cxcl16,,ROS1,CAV2,RAB31,,
,,,,,,Cdk4,Ier5,Matn4,,GSTA4,PLPP2,SPARC,,
,,,,,,Ncaph2,Phlda1,Nfkbia,,GLTSCR2,PTMA,CD47,,
,,,,,,Snrpg,Rpl12,Dapk2,,SNHG7,AREG,TMOD3,,
,,,,,,Hells,Tpd52l2,Laptm4a,,SFTA3,RND3,APLP2,,
,,,,,,Tipin,Psmb8,H2-D1,,TFCP2L1,MDM2,SPTBN1,,
,,,,,,Map4k4,Rps11,Pgrmc1,,SPTSSA,LMO7,PAPSS1,,
,,,,,,Cox7a2,Hmgn1,Nbl1,,HLA-DRB1,CTSD,HPCAL1,,
,,,,,,Kpna2,Psma6,Ywhah,,CREG1,PPP1R14B,ID1,,
,,,,,,Tceal9,Fkbp1a,Sptbn1,,GNB2L1,TSPAN1,PAPSS2,,
,,,,,,Cenpq,Laptm4a,Ostf1,,ANK3,TMOD3,RNH1,,
,,,,,,Nek2,B2m,Foxn3,,NFKBIZ,MYADM,HLA-B,,
,,,,,,Gas2l3,Flna,Rtkn2,,SMAGP,CDH2,MYO1B,,
,,,,,,C330027C09Rik,H2-Q7,Ywhae,,C14orf1,CDKN2B,CAPG,,
,,,,,,Hat1,Mgst3,Cdkn2b,,RPL5,SEPW1,MGLL,,
,,,,,,Hmgn1,Pdgfa,Vapa,,PXMP4,CLTB,PNPLA2,,
,,,,,,Lsm4,Rps27l,Agrn,,SEPP1,SPINT1,EPS8L2,,
,,,,,,Med28,Bik,Hmgn1,,SERP1,MACC1,CD99,,
,,,,,,Hnrnpf,Hnrnpk,Rps19,,LDHB,ECE1,CYSTM1,,
,,,,,,Sgo1,Tmem176a,Efna1,,MALL,MSLN,SDCBP,,
,,,,,,Sri,Ube2d3,Phyh,,SNX25,ITGA3,TUBB,,
,,,,,,Atpif1,Rpl15,Mthfd1,,ARFGEF3,GADD45A,DAPK2,,
,,,,,,Pfn1,Ifngr2,Chmp5,,ACAT2,CTGF,LIMCH1,,
,,,,,,Cenpe,Eif5b,Slc25a4,,AGR2,H3F3A,SLC1A1,,
,,,,,,Chac2,Cct3,B2m,,XBP1,MYL12A,KRT8,,
,,,,,,Car2,Hsp90aa1,Pls3,,RPL18,PDLIM7,TAGLN,,
,,,,,,Srsf2,Cct5,Hcfc1r1,,PLD3,FLNA,EZR,,
,,,,,,Dpy30,Ier3,Arid5b,,MTRR,DSG2,KHDRBS2,,
,,,,,,H3f3b,Psmd4,Tsc22d3,,S100A9,JUP,HBEGF,,
,,,,,,Mxd3,Rab11b,Calm2,,C1orf21,TIMP1,TIMP2,,
,,,,,,Sarnp,Nupr1,Phlda1,,POLR2C,BAX,TES,,
,,,,,,Emp1,Pabpc1,Tjp1,,PPP1R1B,TUBB3,ABI3BP,,
,,,,,,Cbx5,Ubb,Hspa8,,FDPS,RHOB,TPM3,,
,,,,,,Txn1,Cct4,Eef2,,LDLR,SYT8,BCAM,,
,,,,,,Ddx39b,Rpl4,Scnn1b,,ACSS2,ABCC3,ITGA3,,
,,,,,,Actb,Abracl,Stard3,,RPL4,UBE2H,SON,,
,,,,,,Atp5b,Psma3,Osbpl9,,RPLP1,CAV1,GPM6A,,
,,,,,,Ckap2l,Prdx2,Abhd17c,,RPL13,DYNLL1,LMNA,,
,,,,,,Tpx2,Elob,Tmem59,,TMEM163,C12orf75,SPINT1,,
,,,,,,Ndufa5,Emp2,Dusp1,,MTUS1,RBP1,H3F3B,,
,,,,,,Fam111a,Arl6ip5,4930523C07Rik,,FNIP2,QSOX1,CYR61,,
,,,,,,Cct6a,Sqstm1,AU021092,,RPS10,MARCKS,COL4A4,,
,,,,,,Hsp90b1,Txnl1,Hspb1,,DUOX1,SRP14,LAMC2,,
,,,,,,Mcm7,Ddah2,Tgfb2,,CD302,SPINT2,RHOA,,
,,,,,,Rpa3,Psmc5,Spop,,SPRY4,NRG1,LGALS3BP,,
,,,,,,Cdc25b,Bax,S100a10,,CREB3L1,ZMAT3,EHD2,,
,,,,,,Asf1b,Sh3bgrl3,Pgap2,,MBIP,ABRACL,CTGF,,
,,,,,,Fbxo5,Eif5a,Hbegf,,RPS13,CALM2,UNC13D,,
,,,,,,Mcm5,Arpc3,Hpcal1,,RNF145,IDS,PTTG1IP,,
,,,,,,Hmgb3,Gnas,Nbeal1,,CCDC69,PKM,TMEM59,,
,,,,,,Ubl4a,Cct6a,Hes1,,GOLT1A,ITGB4,CH17-360D5.2,,
,,,,,,Mrpl42,Calm2,Cldn3,,RPS27,PLXNB2,APP,,
,,,,,,Mcm3,Prmt1,Tns1,,ACOXL,CLDN7,ITGB1,,
,,,,,,Kif20b,Ctnna1,Arpc2,,RPS28,PXDN,MYRF,,
,,,,,,Ywhaz,Spint2,H3f3a,,BRI3,CMTM7,CKB,,
,,,,,,Tcf19,Set,Col4a5,,SQLE,PLS3,ARPC5,,
,,,,,,Cox5a,Tgfbi,Rasl11a,,AQP1,TNFRSF21,UBL3,,
,,,,,,Cisd2,Psmb2,Myo1c,,GEM,TINAGL1,HCFC1R1,,
,,,,,,Naa50,Colgalt1,Traf1,,EPS8,TES,RABAC1,,
,,,,,,Dnmt1,H2-Q4,Id1,,SLCO4C1,PFN1,GSTP1,,
,,,,,,Atp5o,Rbpms,Tprgl,,SGK1,BCAT1,RNF213,,
,,,,,,Psat1,Tsg101,Eps8l2,,COLEC12,PTTG1IP,C1orf198,,
,,,,,,2210011C24Rik,Rpsa,2310007B03Rik,,SEC11C,ST14,PLS3,,
,,,,,,Prdx1,Psma7,Btf3,,MCCC1,CAPN2,TUBB6,,
,,,,,,Dtymk,Cnih4,Lamb3,,RPS14,FSTL1,TPM4,,
,,,,,,Cnih4,Ahsa1,Tln1,,CYP51A1,AMIGO2,SCNN1B,,
,,,,,,Tspan8,Ybx1,Cnn2,,AC007405.6,GAPDH,SARAF,,
,,,,,,Melk,Pls3,Cdc42,,RPL14,WFDC2,TSPO,,
,,,,,,Atad2,Gng5,Stx7,,BTG1,DKK3,SPRYD7,,
,,,,,,Nxt1,Rhoc,Apbb1,,ARMC9,ITGB8,ID3,,
,,,,,,Rfc2,Ccnd1,Ywhaq,,PIGA,SRI,CRYAB,,
,,,,,,Plp2,Arpc2,Mprip,,RPL7,KRT15,SPTAN1,,
,,,,,,Uhrf1,Tpm3,Btg2,,SLC26A9,LPP,GJA1,,
,,,,,,Pih1d1,F11r,Txnip,,NUDT16,TSPAN13,TM4SF1,,
,,,,,,Srsf7,Chic2,Adrb2,,NR4A1,ALDH3A2,HLA-E,,
,,,,,,Ssrp1,Trim47,Col4a2,,CKS2,CYP4B1,GOLGA8B,,
,,,,,,Mapre1,Klf5,Nedd9,,VEPH1,RRAD,RDX,,
,,,,,,Fen1,Capns1,Akap13,,SLC25A6,CD47,CLIC1,,
,,,,,,G3bp1,Glipr2,Mrpl14,,SEMA4A,PLAUR,MT-ND4L,,
,,,,,,Ptgr1,Prkar1a,Manbal,,SAT2,PHPT1,FADS3,,
,,,,,,Slfn9,Wdr1,Id2,,SLC27A3,YWHAZ,TMEM50A,,
,,,,,,Lsm8,Tspan8,Lamp1,,LRRC36,RAB27B,CFL1,,
,,,,,,Kmt5a,Rpl13,Limd2,,RPL23,ACTN1,MAP2,,
,,,,,,Krt8,Hmgb1,Ucp2,,RPL23A,MFGE8,IFNGR1,,
,,,,,,Hprt,Cald1,Tmem160,,CEBPA,HES4,CXCL16,,
,,,,,,S100a11,Hes1,Bcap31,,POLR3H,CLIC5,ANXA5,,
,,,,,,Hirip3,Snrpd1,Ifngr2,,RPL9,PLEC,PLP2,,
,,,,,,Cklf,Tmem123,Rps8,,AC079630.4,B2M,CST3,,
,,,,,,Pole3,Mt2,Eif1,,RPS15A,ISG15,UTRN,,
,,,,,,Tsen34,Cmpk1,Tpm3,,RPL29,PGM2L1,EPB41L5,,
,,,,,,Arhgef39,Lsr,Gde1,,PID1,TNFSF10,RAC1,,
,,,,,,Ybx1,Sri,Hspg2,,RPL10,SYNGR2,MT-ND6,,
,,,,,,Snrpf,Phb2,Anxa4,,LGMN,REXO2,MYH9,,
,,,,,,Hnrnpa3,Hspa1a,Elob,,RPL12,HSPG2,HLA-A,,
,,,,,,Mrpl18,G3bp1,Zfp36l1,,BMP1,BCL2L1,YWHAZ,,
,,,,,,Mrpl51,Psmc6,Tagln2,,P3H2,AES,PARP14,,
,,,,,,Magoh,Btg1,Wwp1,,SELM,ANXA5,RNASE1,,
,,,,,,Sgo2a,Eloc,Rab25,,TST,BAMBI,TTLL7,,
,,,,,,Bub1,Cacybp,Tuba1a,,CD44,HLA-C,ALDH3A2,,
,,,,,,Sptssa,Cox5a,Vamp8,,FHDC1,EIF6,NEDD4L,,
,,,,,,Ifi27l2a,Mvp,Rab2a,,BNIP3L,RHOD,MYO1C,,
,,,,,,Hspd1,Klf6,Rassf7,,ASL,H3F3B,ANO6,,
,,,,,,Cdc123,Bcl10,Rin2,,EEF1G,CAPG,LRRFIP1,,
,,,,,,Cuta,H3f3b,Sfta3-ps,,RGS16,PHLDA1,VSIG2,,
,,,,,,Rpa2,Pgrmc1,Cfl1,,EEF1B2,TAGLN2,SYNE2,,
,,,,,,Hnrnpk,Psme2,Pfn1,,FDFT1,LMNA,SULT2B1,,
,,,,,,Yif1b,Tuba1b,Isg15,,NPC1,PHLDA3,LAMB3,,
,,,,,,Sept7,Ranbp1,Mtfr1l,,SOCS3,IER3,LEPROT,,
,,,,,,Cetn3,Snrpg,Bst2,,DUOXA1,EDN1,HEG1,,
,,,,,,S100a10,Rps16,AA986860,,CISH,PDLIM1,N4BP2L2,,
,,,,,,Reep4,Eif3h,Ddr1,,PLIN2,TMC5,DYNLL1,,
,,,,,,Zmat2,Txndc9,Itga3,,SDC4,PIM1,EPCAM,,
,,,,,,Ncapg2,Serpinb6b,Retreg1,,AHCYL2,SKIL,UBC,,
,,,,,,Nudc,Lamb3,Arf1,,,DDR1,SBDS,,
,,,,,,Etfa,Hsd11b2,1110008F13Rik,,,PDZK1IP1,TNS1,,
,,,,,,Cmpk1,Sat1,Ocln,,,CKB,PTRF,,
,,,,,,Mcm4,Ctsh,Akr1c14,,,LIMS1,STARD7,,
,,,,,,Abracl,Gsn,Pkm,,,TAX1BP3,ALDH3B1,,
,,,,,,Nap1l1,Tgif1,Tmod3,,,GSTP1,TUBB4B,,
,,,,,,Pfdn6,Srpk1,Col4a1,,,ARL6IP5,RHOBTB3,,
,,,,,,Siva1,Gapdh,Lims1,,,CLDN3,ABCA8,,
,,,,,,Gsr,Tbrg1,Itgb1,,,DBN1,FAM189A2,,
,,,,,,Stub1,Nbl1,Rasgef1a,,,ZFAS1,ATP13A4,,
,,,,,,Ppp1ca,Shisa4,Scx,,,CLIC3,GRN,,
,,,,,,Morf4l2,Cdc37,Serinc5,,,MUC4,PPFIBP1,,
,,,,,,Selenoh,Akap5,Ddx47,,,NDUFB9,MT-ND5,,
,,,,,,Atp5g3,Cnn2,Rpl10a,,,TSPAN6,QKI,,
,,,,,,Hnrnph1,Vdac3,Dusp14,,,TSPO,ARAP2,,
,,,,,,Ncapd2,H3f3a,Slco3a1,,,LAPTM4A,STK17A,,
,,,,,,Hjurp,Sdc1,Anapc11,,,EPHB2,PHLDB2,,
,,,,,,Tpi1,Chmp2b,Tpp1,,,ADGRG1,AGRN,,
,,,,,,Topbp1,Ifi27,Capn2,,,KCNN4,ANXA11,,
,,,,,,Psma7,Kcnk1,Pde7a,,,PTPRF,PPP1R15A,,
,,,,,,Cfl1,Ppic,Rab14,,,SCD5,ARL6IP5,,
,,,,,,Rheb,Prr13,Thbs3,,,ANXA1,LAMB2,,
,,,,,,Ndufa11,Cryab,Sfn,,,COL4A4,CCDC107,,
,,,,,,Mrpl17,Atp6v0e,Tubb5,,,LGALS3BP,ZNF706,,
,,,,,,Dynlt1f,Il4i1,Ubb,,,TMEM59L,PLEKHJ1,,
,,,,,,D030056L22Rik,Plpp2,Shroom3,,,MISP,CLDN7,,
,,,,,,Anapc11,Krtap17-1,Grn,,,SPATS2L,TUBA1B,,
,,,,,,Kif22,Rsu1,Tnfrsf12a,,,CLSTN1,TJP1,,
,,,,,,Spcs1,Dnaja1,Cd59a,,,TNNC1,FAM107B,,
,,,,,,Nasp,Rps5,Rac1,,,MGLL,LAMA5,,
,,,,,,Psmd14,Rpl10a,Dctn2,,,RPS19,HSPG2,,
,,,,,,Hint1,Calr,Tmbim6,,,ATP5E,NFE2L2,,
,,,,,,Gins2,Eif6,Prdx5,,,GNAS,VCL,,
,,,,,,Ap2m1,Acot9,Ndst1,,,TMEM50A,TMEM109,,
,,,,,,Tex30,Srsf2,Csrp1,,,RAB31,PERP,,
,,,,,,Mrpl14,Erh,Mfge8,,,PTRF,ABCA7,,
,,,,,,Gtf2a2,Vdac2,Neat1,,,SEMA3C,SERINC1,,
,,,,,,Cenpw,Tmem37,Fos,,,EPS8L2,SCD5,,
,,,,,,Snrpb,Bola2,Hck,,,PPIA,SYNGR2,,
,,,,,,Ndufb7,Morf4l2,Ifi27,,,TP53I3,F11R,,
,,,,,,Knl1,Psmc3,Phldb2,,,CLCF1,SFTA1P,,
,,,,,,Npm3,Rps4x,Tead1,,,ADAM9,SNX22,,
,,,,,,Cisd1,St14,H2-K1,,,FXYD3,PSME1,,
,,,,,,Ptges3,Serpinb6a,Ap2m1,,,CD99,PTPRF,,
,,,,,,Dstn,Jun,Ctsl,,,FBLIM1,COX6A1,,
,,,,,,Fus,Hmgn3,Gnas,,,ICAM1,SESN1,,
,,,,,,Atp5k,Snrpb,Commd2,,,MYH14,TGFBR2,,
,,,,,,Snu13,Tapbp,Fam104a,,,LY6E,FAM63B,,
,,,,,,Cldn7,Mcam,Gata6,,,ABHD2,BCAP31,,
,,,,,,Trim28,Arpc5,Pabpc1,,,PLP2,MLLT4,,
,,,,,,Ywhaq,Rheb,Paip2,,,BCAM,RBMS3,,
,,,,,,Med30,Asah1,Htra1,,,RAC1,B3GNT2,,
,,,,,,Psmb6,Comt,Pcolce,,,SYTL1,PTPN1,,
,,,,,,Cntrl,Snrpf,Ctps,,,RRM2B,PKDCC,,
,,,,,,Smc6,Rpl24,Bcl10,,,DSC2,DYNLRB1,,
,,,,,,Anxa1,Ctsl,Tpm2,,,RPL17,CGN,,
,,,,,,Psme2,Psmb1,Elovl5,,,CTSB,SOD1,,
,,,,,,Calm3,Rpl39,Atp6v0e,,,CNN3,CTNND1,,
,,,,,,Elob,A230065H16Rik,Shisa5,,,COL18A1,METTL7A,,
,,,,,,Pfdn1,Rpl32,Eif3e,,,CTNNA1,MIR4435-2HG,,
,,,,,,Vdac1,Zfand5,Ergic3,,,NME2,PLEC,,
,,,,,,Smarca5,Ppa1,Rasl11b,,,PAM,ISG20,,
,,,,,,Acat1,Naa20,Slc39a4,,,AKR1A1,CSRP1,,
,,,,,,Tmed10,Bcap31,Arpc5,,,CD55,SNAP23,,
,,,,,,Ndufab1,Nfkb2,Adipor1,,,MYOF,SP100,,
,,,,,,Npm1,Pdgfb,Svil,,,PTPRE,TRAM1,,
,,,,,,U2af1,Ly6d,Prelid1,,,CTNNB1,IL18,,
,,,,,,Emg1,Plp2,Serpinb6a,,,MAP4,CDC42,,
,,,,,,1700097N02Rik,Glrx3,Ptms,,,FGD6,TMEM160,,
,,,,,,Rdm1,Vasp,Rap1a,,,TUBA4A,HNRNPDL,,
,,,,,,Ube2d3,Ezr,S100a13,,,HSBP1,PKM,,
,,,,,,Eny2,Aimp1,Atxn10,,,CDC42,ANXA8L1,,
,,,,,,Mrfap1,Ncl,Scd2,,,NTM,RAB32,,
,,,,,,Hp1bp3,Tmed2,Ccnd3,,,POMP,SLC2A3,,
,,,,,,Lmna,Frg1,Dynll1,,,LAPTM4B,TBC1D2,,
,,,,,,Anp32a,Rps7,Fhl1,,,CALR,ILK,,
,,,,,,Dbf4,Snrpe,Calm1,,,TMEM123,SEMA5A,,
,,,,,,Haus4,Rtraf,Pcbp2,,,GNG12,DYNC1H1,,
,,,,,,Aspm,Ssb,Ptpre,,,FNDC3B,RANBP17,,
,,,,,,H2-Q7,Edn1,Eif3h,,,RASD1,WWC2,,
,,,,,,Mrpl33,Phlda3,Rsrp1,,,DDIT4,TINAGL1,,
,,,,,,Cd9,Rps18,Clip4,,,NEXN,IDS,,
,,,,,,Mzt1,Pdia3,Ano1,,,GTF2I,FAM174B,,
,,,,,,Tra2b,Ilk,Laptm4b,,,CHMP4B,C10orf54,,
,,,,,,Rnaseh2b,Rack1,Spint2,,,PBXIP1,NBEAL2,,
,,,,,,Lman1,Rpl3,Crb3,,,LAMA5,SHROOM3,,
,,,,,,H2-Q6,Hspa9,Prr13,,,TAPBP,HES4,,
,,,,,,Hsp90ab1,Rps17,Adam9,,,CCDC6,MEAF6,,
,,,,,,Rfc5,Cldn3,Rtn4,,,MYO6,CADM1,,
,,,,,,Polr2a,Grn,Tmem140,,,PPP1CB,LAMP1,,
,,,,,,Srsf1,Hnrnpm,Map1lc3b,,,ACTN4,SSFA2,,
,,,,,,Haus8,Dnpep,Jup,,,YWHAH,GOLGA8A,,
,,,,,,Kif20a,Hnrnpc,Dhrs3,,,SEPT9,PIAS1,,
,,,,,,Nhp2,Psmc2,Zdhhc20,,,SPARC,SCAMP2,,
,,,,,,Kpnb1,Btf3,Alcam,,,NDUFS5,ST6GALNAC5,,
,,,,,,Oxct1,Actr3,Kif5b,,,GALNT5,STX11,,
,,,,,,Jpt2,Ube2n,Lamc2,,,BBC3,DDX5,,
,,,,,,Psmb9,Uba52,Rpl24,,,MMP14,CTNNA1,,
,,,,,,Orc6,Rdh10,Aamp,,,CLIC1,MGST3,,
,,,,,,Ndufs6,Bbip1,Rab6a,,,XPR1,PRSS8,,
,,,,,,Tmem256,Slc25a4,App,,,VAMP8,DDAH2,,
,,,,,,Prrg3,Cdkn2b,Orai1,,,ARL6IP1,NEBL,,
,,,,,,Uqcrb,Pcbp1,Arfgef3,,,NOTCH3,FAS,,
,,,,,,Rac1,Atox1,Acaa2,,,MIF,PTPRE,,
,,,,,,Swi5,Pa2g4,Wwtr1,,,FAM127A,PFN1,,
,,,,,,Cdca2,Cd63,Bnip3l,,,RARRES3,SPINT2,,
,,,,,,Vbp1,Sem1,Tapbp,,,TCEB2,PEAK1,,
,,,,,,Rpsa,Shisa5,Calcoco1,,,FAT1,PRKCZ,,
,,,,,,Iqgap1,Eef1g,Tmem9b,,,FAS,RBX1,,
,,,,,,Nuf2,Tes,Cldn7,,,HSP90B1,ZFP36L1,,
,,,,,,Sypl,Elavl1,Sptan1,,,IFNGR2,FAM127A,,
,,,,,,Capzb,Psap,Pdcd10,,,TIMP2,PSAP,,
,,,,,,Uchl5,Rpl23,Arf3,,,COMMD6,SLC40A1,,
,,,,,,Rfc4,Rps26,Arhgef2,,,SOX9,REEP5,,
,,,,,,Rala,Samhd1,Rnf13,,,MUC20,ZNF431,,
,,,,,,Anxa4,Capn2,Cyba,,,DDAH2,INF2,,
,,,,,,Ormdl2,Nop10,Eif3k,,,SERPINH1,SESTD1,,
,,,,,,Bex3,Txndc17,Prss8,,,IGFBP4,DEGS1,,
,,,,,,Minos1,Sept2,Tfdp2,,,ZYX,FN1,,
,,,,,,Tma7,Rsl1d1,Klf5,,,ROMO1,TMBIM1,,
,,,,,,Naxe,Eef1a1,Gas5,,,ELK3,C1orf116,,
,,,,,,Myl12b,Clic4,Aldh3b1,,,C9orf16,CFL2,,
,,,,,,Dbi,Ppia,2610001J05Rik,,,FKBP1A,CUX1,,
,,,,,,Rpa1,Rbm39,Sept2,,,TMEM59,ATP5G3,,
,,,,,,Kcne2,Rnf10,Ltbp3,,,PPIC,SRSF11,,
,,,,,,Ube2e3,Rras,Psmc3,,,TXN,CD164,,
,,,,,,Mapk13,Rpl35,Myo1b,,,ANXA11,TYROBP,,
,,,,,,Bub1b,Ppp1r11,Tmem50a,,,PIEZO1,RTN3,,
,,,,,,Sdhd,Cct2,Ube2d3,,,NCOA7,CDH1,,
,,,,,,Mrpl28,Eef1b2,Cgn,,,HEBP2,PSMA7,,
,,,,,,Vdac3,Psmb9,S1pr2,,,S100A13,PDGFA,,
,,,,,,Rbm8a,Ddit4,Eif3f,,,TSPAN15,GALNT5,,
,,,,,,Fzr1,Sec62,Vdac2,,,GNB1,PCBP1,,
,,,,,,Hnrnpc,Rap1b,Coq7,,,PAWR,PAM,,
,,,,,,Sf1,Sdhb,Srp14,,,PRDX1,LYZ,,
,,,,,,Eif4g2,Slc39a4,Rpl11,,,IFNAR2,P4HA2,,
,,,,,,Eif4e,Rpl17,Sar1b,,,TM7SF3,ERBB2,,
,,,,,,Mgst3,Vmp1,Naxd,,,FLNB,ARF5,,
,,,,,,Hist1h1e,Fam174b,Adss,,,HSPA5,FKBP1A,,
,,,,,,Itgb3bp,Anp32a,Prkar1a,,,HDAC2,SPSB3,,
,,,,,,Pkig,Psmb3,Rhoc,,,MFSD10,FARP1,,
,,,,,,Cst3,St3gal4,Gemin7,,,YBX3,PLEKHA1,,
,,,,,,Paics,Marcks,Zfas1,,,RPL22L1,NDST1,,
,,,,,,Hspa8,Lamp1,Vcl,,,VEZT,VPS28,,
,,,,,,Pimreg,Hnrnpab,Rpl37a,,,HSP90AA1,ADAM10,,
,,,,,,Zcrb1,Nedd4,Eny2,,,LTBP3,RAN,,
,,,,,,Ssna1,Tmem165,Ypel5,,,SEPT2,PLXNB2,,
,,,,,,Uqcr10,Ddx5,Arhgdia,,,LSR,TXN,,
,,,,,,Serpinb8,Llph,March5,,,MINOS1,STMN1,,
,,,,,,Psma1,Txn1,Macf1,,,TBCB,FZD6,,
,,,,,,Pa2g4,Ralb,Hsp90aa1,,,COL6A1,PPIA,,
,,,,,,Stk17b,Adss,Fam213a,,,RAN,PDXK,,
,,,,,,Pgp,S100a16,Yipf3,,,TPM3,MAP7D1,,
,,,,,,Chia1,Psma1,Mxd4,,,SPTAN1,AUP1,,
,,,,,,Uba2,Psmc4,Prkcd,,,MAP4K4,TMBIM6,,
,,,,,,Fam173a,Uqcrfs1,Atxn1,,,BSG,C12orf49,,
,,,,,,Impdh2,Serinc1,Gm19990,,,UBL5,RNASEK,,
,,,,,,Actn4,Eif3l,Rbx1,,,RAB11A,H2AFJ,,
,,,,,,Arf6,Rab1a,Cfl2,,,CAP1,N4BP1,,
,,,,,,Egr1,Gadd45a,Selenow,,,CH17-360D5.2,PTGS2,,
,,,,,,Stip1,Rab5c,Ccdc12,,,ANKLE2,SRP14,,
,,,,,,Gltp,Fxyd3,Aamdc,,,C1S,FLNB,,
,,,,,,Eif4a1,Gpx8,Cox5b,,,EIF4G2,AKAP9,,
,,,,,,Lsm3,Shtn1,Pef1,,,ANXA4,DAD1,,
,,,,,,Atp5j,H2-K1,2810474O19Rik,,,CFH,SRGN,,
,,,,,,Psip1,Sarnp,Rpl36,,,LEPROT,TSPAN4,,
,,,,,,Erh,Hint1,Psap,,,DPYSL2,RNF144B,,
,,,,,,Ndufb8,Tnfrsf11b,Chmp2a,,,KRT10,CDKN2B,,
,,,,,,Kif2c,Traf4,Gm12481,,,EMB,TBCB,,
,,,,,,Ldha,Gas5,H2-DMb1,,,CDKN1C,PPP4R1,,
,,,,,,Mdh1,Sin3b,Rps7,,,SPOCK2,PIEZO1,,
,,,,,,Kif23,Cct7,Ubl3,,,RNF213,USMG5,,
,,,,,,Suz12,Tmc4,Esam,,,PDGFA,ROR1,,
,,,,,,Crip2,Emp1,Rasgef1b,,,DNAJC15,ZFP36L2,,
,,,,,,Bcap31,Rpl7,Plec,,,MIR4435-2HG,ALS2CL,,
,,,,,,Bzw1,Taldo1,Oaz2,,,EHD2,FCER1G,,
,,,,,,Ndufa2,Serf2,Myh9,,,DYNLT1,DDR1,,
,,,,,,Dhfr,Stip1,Taok3,,,EMP1,C1QA,,
,,,,,,Rbbp4,Hist1h2bc,Eno1,,,RPL39,AHR,,
,,,,,,Larp7,Plpp3,S100a1,,,PTPRK,TMEM43,,
,,,,,,Cit,Ddx39b,Nrbp2,,,C2orf54,GALNT18,,
,,,,,,Pkp4,Rpl27,Cenpx,,,ARPC3,CALCOCO1,,
,,,,,,Sf3b5,Carhsp1,Ccdc107,,,COL4A2,PDCD6IP,,
,,,,,,Ssb,Bzw1,Eif4a2,,,WDR1,KLF10,,
,,,,,,Dnajc15,Dnajb1,Rpl37,,,IFITM1,GNB2,,
,,,,,,Prim1,Edf1,Cst3,,,RAB32,TRAPPC1,,
,,,,,,Tubg1,Srsf7,Rpl35,,,PPDPF,TMEM14C,,
,,,,,,Ubb,Myh9,Dynlt3,,,DYNC1I2,MORF4L1,,
,,,,,,Ptbp3,Itgb1,Dazap1,,,IFITM3,RNF13,,
,,,,,,Dhrs4,Eif3f,Edf1,,,CTSZ,ARPC3,,
,,,,,,Hmgn5,Cops6,Lmo4,,,HINT1,PTGES3,,
,,,,,,Cox20,Ifi35,Rps10,,,PLK2,HNRNPA2B1,,
,,,,,,Tbcb,Nono,Rps27,,,EZR,TCEB2,,
,,,,,,Nsmce4a,Naca,Rpl27,,,EDIL3,AGTPBP1,,
,,,,,,Psmb8,Plet1,Cux1,,,STK17A,REXO2,,
,,,,,,Idh3g,Rps4l,Emb,,,ANOS1,PHACTR2,,
,,,,,,Rps2,Dpysl2,Eif5b,,,VCL,LLGL2,,
,,,,,,Terf1,Bcam,Muc1,,,PAFAH1B3,CTSE,,
,,,,,,Hnrnpl,Fkbp4,2610028H24Rik,,,TGFB2,SERPING1,,
,,,,,,Cd44,Nhp2,Os9,,,FAM3C,RRAS,,
,,,,,,Pbrm1,Eva1a,Tmem123,,,SEMA3B,PVRL2,,
,,,,,,Pola1,Pcbp2,Sox4,,,TJP1,SNX14,,
,,,,,,Hnrnpa0,Nars,Rer1,,,RPL13A,TSPAN15,,
,,,,,,Timm50,Selenof,Fam103a1,,,AQP4,NEXN,,
,,,,,,Ska1,Rpl23a,Otub1,,,MYO1B,SGCE,,
,,,,,,Mcm2,Aldoa,Hnrnpk,,,CXCL16,GLUL,,
,,,,,,Anapc5,Rpl28,Cox7a2l,,,KDM5B,SLC44A2,,
,,,,,,Srp9,Rps6,Hnrnpf,,,TNFRSF10C,ATP5B,,
,,,,,,Hmgn3,Tcp1,Capns1,,,FTH1,CAPZB,,
,,,,,,Cacybp,Sesn3,Arl6ip5,,,ELF3,IFT57,,
,,,,,,Smc1a,Eif4e2,Lrp10,,,TRIM2,VIM,,
,,,,,,Gnb1,Sf3b6,H3f3b,,,RNF181,CYBA,,
,,,,,,Set,Srsf3,Rnf10,,,KRT80,STOM,,
,,,,,,Erg28,Tprgl,Gstt1,,,TRIM47,IFNGR2,,
,,,,,,Ift80,Gnai2,Sf3b5,,,CLIC6,COX5B,,
,,,,,,Txnl1,Eif3g,Sh2d4a,,,C1orf106,SCAI,,
,,,,,,Pin1,Psmd7,Pink1,,,TIMP3,HMHA1,,
,,,,,,Actr3,Sphk1,Cdkn1c,,,RCAN1,SUMO2,,
,,,,,,Fundc2,Ccnd2,Rps26,,,CDC42EP3,TXNDC11,,
,,,,,,Id1,Cttn,Gabarapl2,,,SHFM1,C2orf54,,
,,,,,,Carhsp1,Mlf2,Psmb7,,,TXNDC17,SRSF2,,
,,,,,,Psmb3,Fblim1,Psmb8,,,PDIA4,CAPNS1,,
,,,,,,Maz,Serinc2,Yipf4,,,SKP1,TALDO1,,
,,,,,,Pcbp1,Chrnb1,Hsp90ab1,,,MAP2,CTSL,,
,,,,,,Dck,Ormdl2,Rpl7,,,CAPNS1,SEPT10,,
,,,,,,Eloc,Ap2m1,Atxn7l3b,,,CAMTA1,PPDPF,,
,,,,,,Pkmyt1,Wbp4,Skp1a,,,TRIM22,NDUFA1,,
,,,,,,Cdk2ap2,Timp3,Flot1,,,TNIP1,ATP6V0B,,
,,,,,,Eif3a,Pglyrp2,Rps11,,,TPPP3,CALM1,,
,,,,,,Ak6,Psma5,Ppp1ca,,,TNFRSF10B,METRNL,,
,,,,,,Ppic,Ifitm2,Rap1b,,,CTNND1,HTATIP2,,
,,,,,,Tsn,Rpl8,Cmpk1,,,PHLDB2,ARPC1B,,
,,,,,,Psmb5,H2-Q6,Snx3,,,TJP2,LAPTM5,,
,,,,,,Commd1,Rpl7a,Minos1,,,NFIB,SDC1,,
,,,,,,Nubp1,Skp1a,Tpd52l2,,,ARPC1B,LMBRD1,,
,,,,,,Wnk1,Eef2,Camk2d,,,HMGN1,CAST,,
,,,,,,Diaph3,Pdap1,Usp14,,,PRDX2,LAPTM4A,,
,,,,,,Rap1a,Tpr,Rpl6,,,ATP2A2,IL17RE,,
,,,,,,Rbm25,Mdk,Rsu1,,,ERBB3,TLN1,,
,,,,,,Slirp,Mtx2,Capza2,,,TMBIM1,APBB2,,
,,,,,,Usp1,Gpx2,Hmgb1,,,GPC1,CCDC12,,
,,,,,,Atp5h,Metap2,Gadd45g,,,SYTL2,POMP,,
,,,,,,Atp6ap2,Rps27a,Gpx1,,,MET,ATP6V0C,,
,,,,,,Dnajc8,Mrps18a,Babam2,,,SPSB1,RAB6A,,
,,,,,,Cby1,Cfl2,Psmc6,,,COL4A3,SCNN1A,,
,,,,,,Znhit1,Pdcd6,Itm2b,,,PDXK,ARHGDIA,,
,,,,,,Cse1l,Eif2s1,Efhd2,,,PLXNB1,EHD1,,
,,,,,,Oat,Prdx1,Comt,,,PMAIP1,OCLN,,
,,,,,,Cbfb,U2af1,Uap1l1,,,TGIF1,ACTN4,,
,,,,,,Luc7l2,Anxa6,Rock1,,,NRP2,WASF3,,
,,,,,,Anxa2,Tmsb4x,Eif1ax,,,PSMA7,,,
,,,,,,Fam216a,Gabarapl2,Tpm4,,,SNRPE,,,
,,,,,,Nelfe,Rpl6,Mbnl1,,,MGAT4B,,,
,,,,,,Snx3,Eif2s2,Prep,,,YWHAQ,,,
,,,,,,Esco2,Pdcl3,Snapin,,,C1R,,,
,,,,,,Rtn3,Ocln,Npdc1,,,PRSS22,,,
,,,,,,Tmem54,BC005624,Ppdpf,,,PVRL4,,,
,,,,,,Nudt21,Ghitm,Wfdc1,,,NUTF2,,,
,,,,,,Ppih,Tgfb1i1,Cyb5r3,,,CTTN,,,
,,,,,,Rps27l,Rbm25,Snx17,,,PPP4R1,,,
,,,,,,Clspn,Hspe1,Rpl39,,,B4GALT1,,,
,,,,,,Slc25a3,Atpif1,Dusp7,,,UBE2E3,,,
,,,,,,Ube2n,Arf5,1810058I24Rik,,,BANF1,,,
,,,,,,Uqcc2,Snrpd2,Mal,,,CHCHD2,,,
,,,,,,Nudt1,Stoml2,Copb1,,,PTMS,,,
,,,,,,Timm17b,Snrpd3,Fam174a,,,FNBP1L,,,
,,,,,,Ssbp1,4930523C07Rik,1810037I17Rik,,,AKR1B1,,,
,,,,,,Actl6a,Tmem43,Gtf2h5,,,ARPP19,,,
,,,,,,Fopnl,Pdlim1,Fundc2,,,WEE1,,,
,,,,,,Psmb2,Cdc42ep5,Ube2r2,,,PSD3,,,
,,,,,,Matr3,Stap2,Slc39a8,,,JUND,,,
,,,,,,Pdlim1,Rbx1,Npm1,,,OPTN,,,
,,,,,,Serbp1,Ly6e,Rpl18a,,,NDNF,,,
,,,,,,Celf1,Rpl31,Ddah2,,,CRB3,,,
,,,,,,Tmem107,Ubald2,Rps16,,,SCEL,,,
,,,,,,Flna,Tap1,Lama3,,,STAT1,,,
,,,,,,Babam1,Sugt1,Hspa4,,,SUMO2,,,
,,,,,,AC121965.1,Psma4,Rpl9,,,MBOAT2,,,
,,,,,,Cox5b,Jup,Fam46b,,,RCN2,,,
,,,,,,Pafah1b1,Coro1b,Nop53,,,PTGFRN,,,
,,,,,,Hnrnpd,Hnrnpa3,Rnf181,,,CD2AP,,,
,,,,,,S100a16,Rbbp4,Ndufc2,,,MX1,,,
,,,,,,4930523C07Rik,Isg15,Fgf1,,,HSP90AB1,,,
,,,,,,Immp1l,Dnajc8,Irf2,,,NAV2,,,
,,,,,,Cenpc1,Polr2j,H2-Q7,,,GLUD1,,,
,,,,,,Tubb6,Traf1,Smpdl3a,,,CTSA,,,
,,,,,,Sephs2,Eif1a,Cox5a,,,ENY2,,,
,,,,,,Gpx4,Adh5,Cldnd1,,,CCT2,,,
,,,,,,Cwc15,Arhgap8,Cops9,,,MPZL1,,,
,,,,,,Tbl1xr1,Psmb7,Cct4,,,CSNK1E,,,
,,,,,,Krtcap2,Ap1s1,Klf9,,,COX6B1,,,
,,,,,,Polr2m,Myo1b,Rpl28,,,EMP3,,,
,,,,,,Larp4b,Sept7,Mgst3,,,SUB1,,,
,,,,,,Degs1,Nudcd3,Rpl31,,,SERF2,,,
,,,,,,Pdap1,Coq10b,Commd10,,,CAPN1,,,
,,,,,,Prrc2a,Raly,Smim3,,,PARP14,,,
,,,,,,Rps24,Gnb1,Supt4a,,,CLTA,,,
,,,,,,Rpp21,Sf3b2,Mmp11,,,NEDD8,,,
,,,,,,Rex1bd,Nradd,Smim7,,,PVRL2,,,
,,,,,,Sf3b6,Rps3a1,Mat2b,,,GLS,,,
,,,,,,Ahsa1,Mlph,Taldo1,,,ERBB2,,,
,,,,,,Msl3,Ano1,Rab11b,,,EMC10,,,
,,,,,,Tppp3,Kif5b,Rpl27a,,,XRCC5,,,
,,,,,,Higd1a,Rps13,Nt5c,,,NET1,,,
,,,,,,Chd4,Tra2b,Klf2,,,LASP1,,,
,,,,,,Psmc3,Dynlt1f,Atp5j2,,,VAT1,,,
,,,,,,Rfc3,Psmc1,Plxna1,,,FOSL2,,,
,,,,,,Ndufa4,Rps8,Rpl18,,,PDLIM3,,,
,,,,,,Polr2f,Rpl19,Tm9sf3,,,PSME1,,,
,,,,,,Ywhae,Relb,Tbrg1,,,PTK7,,,
,,,,,,Cox8a,Hspa5,Fam96b,,,GNAI2,,,
,,,,,,Rpl39,Foxn3,Spock2,,,ARPC5,,,
,,,,,,Sub1,Hbegf,Hmox2,,,GUK1,,,
,,,,,,Ndnf,Dazap1,Fis1,,,SARAF,,,
,,,,,,Hspb6,Fstl1,Lrp4,,,SVBP,,,
,,,,,,Rpn1,Rpl37,Sfxn3,,,SYCE1L,,,
,,,,,,Taf10,Tax1bp1,Ywhab,,,NDUFB4,,,
,,,,,,Tcp1,Stx7,Cox6a1,,,GOLM1,,,
,,,,,,Ilf2,Akr1b8,Sypl,,,SCGB3A2,,,
,,,,,,Wbp11,Ube2e1,Smc6,,,RNF19A,,,
,,,,,,Rbm39,Ei24,Adam10,,,ANKRD37,,,
,,,,,,Csnk1a1,Cfdp1,Ctdspl,,,TP53INP1,,,
,,,,,,Ndufa12,C1d,Arhgap8,,,AP2B1,,,
,,,,,,Ap2s1,H2-T22,Hsbp1,,,RCN1,,,
,,,,,,Acadl,Trmt112,Eif5a,,,ATP6V1D,,,
,,,,,,Kif5b,Cyth2,Gnb1,,,TRAPPC1,,,
,,,,,,Rps4l,Myc,Ifngr1,,,KTN1,,,
,,,,,,Ebp,Chchd1,Txndc9,,,ZNF428,,,
,,,,,,Frg1,Rbbp7,Unc50,,,GRN,,,
,,,,,,Arl6ip6,Mrpl38,Cib2,,,UBXN4,,,
,,,,,,Slc25a5,Gbp8,Erbin,,,CFLAR,,,
,,,,,,Nde1,Snrpb2,Arrdc1,,,FARP1,,,
,,,,,,Etv5,Tmed9,Rtraf,,,ATRX,,,
,,,,,,Arhgdia,Cops5,,,,HMGN3,,,
,,,,,,Thoc7,Arf1,,,,SF3B6,,,
,,,,,,Cenpl,Psmd11,,,,RPL26,,,
,,,,,,Dnaja2,Rexo2,,,,TPBG,,,
,,,,,,E2f1,Dcun1d5,,,,MSI2,,,
,,,,,,Atp2b1,Efna1,,,,PSME2,,,
,,,,,,Chchd1,Pdpn,,,,IFT57,,,
,,,,,,Calm1,Med28,,,,SYNE2,,,
,,,,,,Parpbp,2610001J05Rik,,,,ZFP36L2,,,
,,,,,,Ewsr1,Tmem50a,,,,CHMP5,,,
,,,,,,Hsd17b11,Usmg5,,,,TRIP6,,,
,,,,,,Eif5,Tapbpl,,,,STK32A,,,
,,,,,,Rbl1,Puf60,,,,STK38L,,,
,,,,,,Sult2b1,Ehd2,,,,STEAP3,,,
,,,,,,Ppil1,Ccng1,,,,NINJ1,,,
,,,,,,Get4,Ndufs2,,,,DYNC1LI2,,,
,,,,,,Ifi27,Pgap2,,,,FAM60A,,,
,,,,,,Fxn,Commd3,,,,MAP7D1,,,
,,,,,,2010107E04Rik,Rpl14,,,,,,,
,,,,,,Nono,Rala,,,,,,,
,,,,,,Aes,Zfp706,,,,,,,
,,,,,,Psmd4,Cdc42se1,,,,,,,
,,,,,,Serpinh1,Rplp2,,,,,,,
,,,,,,Htatsf1,Dnaja2,,,,,,,
,,,,,,Bcl7c,Rpl18a,,,,,,,
,,,,,,Rab18,Supt4a,,,,,,,
,,,,,,Triobp,Trir,,,,,,,
,,,,,,Srsf6,Rps23,,,,,,,
,,,,,,Hspa4l,Tnfrsf9,,,,,,,
,,,,,,Atp5j2,Snap23,,,,,,,
,,,,,,Ndfip2,Tsta3,,,,,,,
,,,,,,Atp5e,Eif3k,,,,,,,
,,,,,,Akirin2,Rpl22,,,,,,,
,,,,,,Cct8,Rpl9,,,,,,,
,,,,,,Pdcd10,Smim15,,,,,,,
,,,,,,Serpinb6a,Polr2f,,,,,,,
,,,,,,Ddost,Ccdc25,,,,,,,
,,,,,,Vegfb,Acadl,,,,,,,
,,,,,,Psmc4,Qsox1,,,,,,,
,,,,,,Wee1,Rps20,,,,,,,
,,,,,,Ndufb10,Psmb10,,,,,,,
,,,,,,H2-Q4,Msln,,,,,,,
,,,,,,Fkbp4,Eif3c,,,,,,,
,,,,,,Fkbp3,Gdi2,,,,,,,
,,,,,,Vars,Rps15a,,,,,,,
,,,,,,Cep57,Smarce1,,,,,,,
,,,,,,Acsl5,Bub3,,,,,,,
,,,,,,Uqcrc1,Selenow,,,,,,,
,,,,,,Mybl1,Ypel5,,,,,,,
,,,,,,Raly,Stx11,,,,,,,
,,,,,,Rnf181,Cotl1,,,,,,,
,,,,,,Cdc42,Rab14,,,,,,,
,,,,,,Eno1,Ccdc124,,,,,,,
,,,,,,Cask,Nsfl1c,,,,,,,
,,,,,,Rsrc2,Las1l,,,,,,,
,,,,,,Shcbp1,Morf4l1,,,,,,,
,,,,,,Fam83d,Tspan31,,,,,,,
,,,,,,Zfhx3,Fam96b,,,,,,,
,,,,,,S100a13,Samd9l,,,,,,,
,,,,,,Mrpl40,Son,,,,,,,
,,,,,,Gpx7,Vdac1,,,,,,,
,,,,,,Mif,Ntmt1,,,,,,,
,,,,,,Dnajb1,Palld,,,,,,,
,,,,,,Spdl1,Rab6a,,,,,,,
,,,,,,Cnot6,Hacd2,,,,,,,
,,,,,,Naa20,Actn4,,,,,,,
,,,,,,Mrpl49,Trim28,,,,,,,
,,,,,,Pdcl3,Maff,,,,,,,
,,,,,,Rnf7,Pin1,,,,,,,
,,,,,,Cfdp1,Fundc2,,,,,,,
,,,,,,Ptpa,Ddx1,,,,,,,
,,,,,,Prelid1,Rae1,,,,,,,
,,,,,,Fam110a,Emp3,,,,,,,
,,,,,,Oip5,Ctps,,,,,,,
,,,,,,Ivns1abp,Casp8,,,,,,,
,,,,,,Cfap20,Prmt2,,,,,,,
,,,,,,Aimp2,Gar1,,,,,,,
,,,,,,Rps20,1110038B12Rik,,,,,,,
,,,,,,Dcps,Pdlim2,,,,,,,
,,,,,,Hnrnpu,Rpl26,,,,,,,
,,,,,,Ppid,Ptges3,,,,,,,
,,,,,,Rnf5,Nt5c,,,,,,,
,,,,,,Rpn2,Rps24,,,,,,,
,,,,,,Fam92a,Txnl4a,,,,,,,
,,,,,,Bola2,Sgta,,,,,,,
,,,,,,B2m,Utp11,,,,,,,
,,,,,,Tssc4,Rab7,,,,,,,
,,,,,,Commd3,Ceacam1,,,,,,,
,,,,,,Dazap1,Rab18,,,,,,,
,,,,,,Umps,Itm2b,,,,,,,
,,,,,,Tra2a,Fbln5,,,,,,,
,,,,,,Ubald2,Usp3,,,,,,,
,,,,,,Sec61g,Ube2f,,,,,,,
,,,,,,Cavin1,Timm17a,,,,,,,
,,,,,,Ddx1,Rpl36,,,,,,,
,,,,,,Atp5f1,Ist1,,,,,,,
,,,,,,Tax1bp1,Ppig,,,,,,,
,,,,,,Gclm,Ndufa4,,,,,,,
,,,,,,Dynll2,H2-DMb2,,,,,,,
,,,,,,Hist1h4d,Hspa4,,,,,,,
,,,,,,Prpf38a,Osbpl9,,,,,,,
,,,,,,Pafah1b3,Tsen34,,,,,,,
,,,,,,Mapk1,Fam32a,,,,,,,
,,,,,,Mrps7,Stub1,,,,,,,
,,,,,,Rps6ka3,Aco1,,,,,,,
,,,,,,Mrps21,Atp6v1f,,,,,,,
,,,,,,Cib1,Ctnnd1,,,,,,,
,,,,,,Bola3,Vsig2,,,,,,,
,,,,,,Rps4x,Slc25a3,,,,,,,
,,,,,,Uhrf2,Arrdc1,,,,,,,
,,,,,,Psmd6,Caprin1,,,,,,,
,,,,,,4930579G24Rik,Atp5g1,,,,,,,
,,,,,,Krt7,Ktn1,,,,,,,
,,,,,,Rbmxl1,Bok,,,,,,,
,,,,,,Rhoa,Ppp1ca,,,,,,,
,,,,,,Arpc2,Tfg,,,,,,,
,,,,,,Gins4,Rab2a,,,,,,,
,,,,,,Cpne3,Arhgdia,,,,,,,
,,,,,,Rab10,Adssl1,,,,,,,
,,,,,,Nop10,Dctpp1,,,,,,,
,,,,,,Tmc4,St13,,,,,,,
,,,,,,Mrps14,Nme1,,,,,,,
,,,,,,Vrk1,Snx6,,,,,,,
,,,,,,Fkbp1a,Pfdn2,,,,,,,
,,,,,,Uchl3,Tnfrsf21,,,,,,,
,,,,,,Pradc1,Tln1,,,,,,,
,,,,,,Sdhb,Tmem98,,,,,,,
,,,,,,Krtcap3,Nop56,,,,,,,
,,,,,,Gng12,Rac1,,,,,,,
,,,,,,Rplp1,Idh3g,,,,,,,
,,,,,,Rfc1,1110004F10Rik,,,,,,,
,,,,,,Elavl1,Tap2,,,,,,,
,,,,,,Snrpb2,Nucb1,,,,,,,
,,,,,,Pcbp2,Psmd2,,,,,,,
,,,,,,Rab1a,Stmn1,,,,,,,
,,,,,,Ilk,Trappc3,,,,,,,
,,,,,,Rer1,Rap1a,,,,,,,
,,,,,,Pnrc2,Hnrnpl,,,,,,,
,,,,,,Kifc1,Itm2c,,,,,,,
,,,,,,Anapc13,Mdh2,,,,,,,
,,,,,,Mtdh,Tbcb,,,,,,,
,,,,,,Mrpl23,Ift22,,,,,,,
,,,,,,Bcas2,Gng12,,,,,,,
,,,,,,Retreg2,Rps25,,,,,,,
,,,,,,Coa3,Polr1d,,,,,,,
,,,,,,Smc3,Fads3,,,,,,,
,,,,,,Cdh1,Rps10,,,,,,,
,,,,,,Sf3b1,Ewsr1,,,,,,,
,,,,,,Ncl,Pfdn1,,,,,,,
,,,,,,Trir,Gpi1,,,,,,,
,,,,,,Ly6e,Rell1,,,,,,,
,,,,,,Mtx2,Rpl36a,,,,,,,
,,,,,,Pcnt,Hmgb3,,,,,,,
,,,,,,Ptp4a2,Psmb5,,,,,,,
,,,,,,Mdh2,Itgav,,,,,,,
,,,,,,Ctsc,Crlf2,,,,,,,
,,,,,,Mrpl13,Fkbp3,,,,,,,
,,,,,,Pdcd6,Tgm2,,,,,,,
,,,,,,Dap3,Gm13588,,,,,,,
,,,,,,Thyn1,Slc39a1,,,,,,,
,,,,,,Tm2d1,Rpl5,,,,,,,
,,,,,,Sec11c,Ube2g1,,,,,,,
,,,,,,Skp1a,Col4a1,,,,,,,
,,,,,,Ndc1,Ssr2,,,,,,,
,,,,,,Lamb2,Fcf1,,,,,,,
,,,,,,Fgfr1op,Rpl11,,,,,,,
,,,,,,Kras,Pigx,,,,,,,
,,,,,,9130401M01Rik,Psmd14,,,,,,,
,,,,,,Bod1l,Etf1,,,,,,,
,,,,,,Cyp39a1,Capza2,,,,,,,
,,,,,,Zw10,Sssca1,,,,,,,
,,,,,,Psma4,Rpn2,,,,,,,
,,,,,,Snrpd2,Thbs1,,,,,,,
,,,,,,Tusc3,2410006H16Rik,,,,,,,
,,,,,,Rbx1,Ppp2r1a,,,,,,,
,,,,,,Ucp2,Lsm2,,,,,,,
,,,,,,Fuca2,Commd4,,,,,,,
,,,,,,1110008F13Rik,Tbca,,,,,,,
,,,,,,Baz1b,Ift43,,,,,,,
,,,,,,Eif4a3,Unc50,,,,,,,
,,,,,,Rnf186,Sap18,,,,,,,
,,,,,,Psmb1,Clptm1l,,,,,,,
,,,,,,Polr3k,Uchl3,,,,,,,
,,,,,,Ska2,Rpl30,,,,,,,
,,,,,,Tsg101,Arl1,,,,,,,
,,,,,,Eif2s2,Hsbp1,,,,,,,
,,,,,,Wfdc2,Swi5,,,,,,,
,,,,,,Cldnd1,Eva1b,,,,,,,
,,,,,,Lgals3,Mrpl42,,,,,,,
,,,,,,Usp14,Plscr3,,,,,,,
,,,,,,Reep5,Fbl,,,,,,,
,,,,,,Myl6,Hcfc1r1,,,,,,,
,,,,,,Luc7l3,Camk1,,,,,,,
,,,,,,Vps36,Map1lc3b,,,,,,,
,,,,,,Mbd3,Rps12,,,,,,,
,,,,,,Ppp1r11,Ergic3,,,,,,,
,,,,,,Lsr,Mtdh,,,,,,,
,,,,,,Rbm47,Eif3a,,,,,,,
,,,,,,Lurap1l,Wnt10a,,,,,,,
,,,,,,Slc24a5,Snw1,,,,,,,
,,,,,,Hnrnph3,Cxcl10,,,,,,,
,,,,,,Gmcl1,H13,,,,,,,
,,,,,,Pon2,Slirp,,,,,,,
,,,,,,Timp3,H2afz,,,,,,,
,,,,,,Ppp2ca,Cystm1,,,,,,,
,,,,,,Pet100,Tada3,,,,,,,
,,,,,,Nup35,Vill,,,,,,,
,,,,,,Dpm3,Hspd1,,,,,,,
,,,,,,Psenen,Arpp19,,,,,,,
,,,,,,Snrpa1,Mrpl34,,,,,,,
,,,,,,Polr2g,Smu1,,,,,,,
,,,,,,Ccnd3,Chmp4b,,,,,,,
,,,,,,Sap18,Anp32b,,,,,,,
,,,,,,Hras,Cox7c,,,,,,,
,,,,,,Rps5,Dapk2,,,,,,,
,,,,,,Irx2,Snx3,,,,,,,
,,,,,,Arsb,Tead2,,,,,,,
,,,,,,Tmem37,Akt1s1,,,,,,,
,,,,,,Nfix,Eif1,,,,,,,
,,,,,,Cttn,Cetn3,,,,,,,
,,,,,,Slc6a14,Chchd2,,,,,,,
,,,,,,Psmg2,Eif4ebp1,,,,,,,
,,,,,,Prelid3b,Atp5a1,,,,,,,
,,,,,,Lmf2,Hat1,,,,,,,
,,,,,,Tnfaip8l1,Suds3,,,,,,,
,,,,,,Egfl7,Gclm,,,,,,,
,,,,,,Zwint,Ddb1,,,,,,,
,,,,,,Prmt1,Lama3,,,,,,,
,,,,,,Pdzd11,Kras,,,,,,,
,,,,,,Hist2h2ac,Tpi1,,,,,,,
,,,,,,Uba52,Mrpl17,,,,,,,
,,,,,,Neil3,Phgdh,,,,,,,
,,,,,,Vapa,Clta,,,,,,,
,,,,,,Ndufaf3,Rtp4,,,,,,,
,,,,,,Mrpl30,Fxyd6,,,,,,,
,,,,,,Gna11,Smarcc1,,,,,,,
,,,,,,Cd81,H2-T23,,,,,,,
,,,,,,Krt18,Cavin1,,,,,,,
,,,,,,Nfkbia,Atp6ap1,,,,,,,
,,,,,,Sec23b,Nsrp1,,,,,,,
,,,,,,Cyba,Dync1li1,,,,,,,
,,,,,,Ncapg,Etfa,,,,,,,
,,,,,,Glrx5,Stx8,,,,,,,
,,,,,,Tmem123,Wsb1,,,,,,,
,,,,,,Rplp2,Eif2a,,,,,,,
,,,,,,Tfdp1,Rab10,,,,,,,
,,,,,,Cox6b1,Rraga,,,,,,,
,,,,,,Aunip,Fam210b,,,,,,,
,,,,,,Faf1,Mvb12a,,,,,,,
,,,,,,Myh9,Cnbp,,,,,,,
,,,,,,Paxip1,Hnrnpu,,,,,,,
,,,,,,Nptxr,Ssx2ip,,,,,,,
,,,,,,Gpsm2,Psme1,,,,,,,
,,,,,,Snrpa,Ciapin1,,,,,,,
,,,,,,Ppp4c,Lsm8,,,,,,,
,,,,,,Foxa1,Magoh,,,,,,,
,,,,,,Nme1,Trip6,,,,,,,
,,,,,,,Pak1,,,,,,,
,,,,,,,Fam104a,,,,,,,
,,,,,,,Ajuba,,,,,,,
,,,,,,,Josd2,,,,,,,
,,,,,,,Eif3e,,,,,,,
,,,,,,,Nrbp1,,,,,,,
,,,,,,,Angptl4,,,,,,,
,,,,,,,Vps29,,,,,,,
,,,,,,,Plek2,,,,,,,
,,,,,,,Rpl22l1,,,,,,,
,,,,,,,Chmp5,,,,,,,
,,,,,,,Vcp,,,,,,,
,,,,,,,2310007B03Rik,,,,,,,
,,,,,,,Ppp4c,,,,,,,
,,,,,,,Pmepa1,,,,,,,
,,,,,,,Ube2k,,,,,,,
,,,,,,,Ndnf,,,,,,,
,,,,,,,Tomm40,,,,,,,
,,,,,,,Eif1ax,,,,,,,
,,,,,,,Yipf4,,,,,,,
,,,,,,,2010107E04Rik,,,,,,,
,,,,,,,Scand1,,,,,,,
,,,,,,,Cycs,,,,,,,
,,,,,,,Grasp,,,,,,,
,,,,,,,Ddr1,,,,,,,
,,,,,,,Mfsd10,,,,,,,
,,,,,,,Psmg4,,,,,,,
,,,,,,,Bcas2,,,,,,,
,,,,,,,Mrpl3,,,,,,,
,,,,,,,Rhog,,,,,,,
,,,,,,,Plaur,,,,,,,
,,,,,,,Ctsb,,,,,,,
,,,,,,,Ywhab,,,,,,,
,,,,,,,Ak2,,,,,,,
,,,,,,,Cox20,,,,,,,
,,,,,,,Dctn2,,,,,,,
,,,,,,,Sfr1,,,,,,,
,,,,,,,Uqcrc2,,,,,,,
,,,,,,,Ehf,,,,,,,
,,,,,,,Sf3b1,,,,,,,
,,,,,,,Pigt,,,,,,,
,,,,,,,Rpl38,,,,,,,
,,,,,,,Gipc2,,,,,,,
,,,,,,,Mtch2,,,,,,,
,,,,,,,0610012G03Rik,,,,,,,
,,,,,,,Myl9,,,,,,,
,,,,,,,Glud1,,,,,,,
,,,,,,,Ssu72,,,,,,,
,,,,,,,Tuba1c,,,,,,,
,,,,,,,Cuta,,,,,,,
,,,,,,,Psmd12,,,,,,,
,,,,,,,Atp5j,,,,,,,
,,,,,,,Cox6b1,,,,,,,
,,,,,,,Nsmce2,,,,,,,
,,,,,,,Sh2d4a,,,,,,,
,,,,,,,Ubxn1,,,,,,,
,,,,,,,Snrnp27,,,,,,,
,,,,,,,Itga3,,,,,,,
,,,,,,,Rps15,,,,,,,
,,,,,,,Pak1ip1,,,,,,,
,,,,,,,Ubl7,,,,,,,
,,,,,,,Smarcb1,,,,,,,
,,,,,,,Vps72,,,,,,,
,,,,,,,Flnb,,,,,,,
,,,,,,,Rpl7l1,,,,,,,
,,,,,,,Rce1,,,,,,,
,,,,,,,Ube2r2,,,,,,,
,,,,,,,Diablo,,,,,,,
,,,,,,,Rpl13a,,,,,,,
,,,,,,,Safb,,,,,,,
,,,,,,,Timm10,,,,,,,
,,,,,,,Tomm22,,,,,,,
,,,,,,,Dcun1d1,,,,,,,
,,,,,,,Ahnak,,,,,,,
,,,,,,,Rps9,,,,,,,
,,,,,,,Rtf1,,,,,,,
,,,,,,,Ralbp1,,,,,,,
,,,,,,,Rtcb,,,,,,,
,,,,,,,Pttg1ip,,,,,,,
,,,,,,,Pla2g16,,,,,,,
,,,,,,,Sap30,,,,,,,
,,,,,,,Cisd2,,,,,,,
,,,,,,,Tpt1,,,,,,,
,,,,,,,Cox7a2l,,,,,,,
,,,,,,,Rbmxl1,,,,,,,
,,,,,,,Ost4,,,,,,,
,,,,,,,Rpl35a,,,,,,,
,,,,,,,Eif3d,,,,,,,
,,,,,,,Mbnl2,,,,,,,
,,,,,,,Ski,,,,,,,
,,,,,,,Krtcap3,,,,,,,
,,,,,,,Zc3h15,,,,,,,
,,,,,,,Clns1a,,,,,,,
,,,,,,,Eprs,,,,,,,
,,,,,,,Atg101,,,,,,,
,,,,,,,Vat1,,,,,,,
,,,,,,,Prkcsh,,,,,,,
,,,,,,,Scamp3,,,,,,,
,,,,,,,1110008F13Rik,,,,,,,
,,,,,,,Gtf3c6,,,,,,,
,,,,,,,Bnip3l,,,,,,,
,,,,,,,Adrm1,,,,,,,
,,,,,,,Capg,,,,,,,
,,,,,,,Ddx18,,,,,,,
,,,,,,,Mrpl30,,,,,,,
,,,,,,,Mpzl2,,,,,,,
,,,,,,,1810058I24Rik,,,,,,,
,,,,,,,Lsm4,,,,,,,
,,,,,,,Ten1,,,,,,,
,,,,,,,Cttnbp2nl,,,,,,,
,,,,,,,Taf12,,,,,,,
,,,,,,,Rrad,,,,,,,
,,,,,,,Slc44a2,,,,,,,
,,,,,,,Zfand6,,,,,,,
,,,,,,,Zfp622,,,,,,,
,,,,,,,Tppp3,,,,,,,
,,,,,,,Utp3,,,,,,,
,,,,,,,Fam25c,,,,,,,
,,,,,,,Eif4a3,,,,,,,
,,,,,,,Nt5c2,,,,,,,
,,,,,,,Polr2g,,,,,,,
,,,,,,,Atxn10,,,,,,,
,,,,,,,Nifk,,,,,,,
,,,,,,,Ssna1,,,,,,,
,,,,,,,Ash2l,,,,,,,
,,,,,,,Ndufb9,,,,,,,
,,,,,,,Pdcd5,,,,,,,
,,,,,,,Csnk2b,,,,,,,
,,,,,,,Prkcd,,,,,,,
,,,,,,,Rps3,,,,,,,
,,,,,,,Rnf11,,,,,,,
,,,,,,,Pafah1b2,,,,,,,
,,,,,,,Srsf6,,,,,,,
,,,,,,,Jund,,,,,,,
,,,,,,,Ntan1,,,,,,,
,,,,,,,Ndufa12,,,,,,,
,,,,,,,Thumpd3,,,,,,,
,,,,,,,Klf2,,,,,,,
,,,,,,,Esd,,,,,,,
,,,,,,,Nudt21,,,,,,,
,,,,,,,Tmem5,,,,,,,
,,,,,,,Rpl41,,,,,,,
,,,,,,,Ddx47,,,,,,,
,,,,,,,Arid5b,,,,,,,
,,,,,,,Mat2b,,,,,,,
,,,,,,,Vta1,,,,,,,
,,,,,,,Nap1l1,,,,,,,
,,,,,,,Commd2,,,,,,,
,,,,,,,H2afv,,,,,,,
,,,,,,,Polr2h,,,,,,,
,,,,,,,Sirt2,,,,,,,
,,,,,,,Sgk1,,,,,,,
,,,,,,,Dctn3,,,,,,,
,,,,,,,Txnrd1,,,,,,,
,,,,,,,Psmd6,,,,,,,
,,,,,,,Col4a2,,,,,,,
,,,,,,,Atg3,,,,,,,
,,,,,,,Usp14,,,,,,,
,,,,,,,Glipr1,,,,,,,
,,,,,,,Ppil2,,,,,,,
,,,,,,,Nip7,,,,,,,
,,,,,,,Eif3i,,,,,,,
,,,,,,,Mboat1,,,,,,,
,,,,,,,Dync1i2,,,,,,,
,,,,,,,Cops4,,,,,,,
,,,,,,,Ctsz,,,,,,,
,,,,,,,Gars,,,,,,,
,,,,,,,Rgs4,,,,,,,
,,,,,,,Malat1,,,,,,,
,,,,,,,Prelid1,,,,,,,
,,,,,,,Mbd3,,,,,,,
,,,,,,,Adgrg1,,,,,,,
,,,,,,,Bnip2,,,,,,,
,,,,,,,Uqcrc1,,,,,,,
,,,,,,,Gtf2e2,,,,,,,
,,,,,,,Cnot7,,,,,,,
,,,,,,,Lamtor2,,,,,,,
,,,,,,,Cox7b,,,,,,,
,,,,,,,Tmem183a,,,,,,,
,,,,,,,Gm10736,,,,,,,
,,,,,,,Ubxn2a,,,,,,,
,,,,,,,Spr,,,,,,,
,,,,,,,Dusp10,,,,,,,
,,,,,,,Armc10,,,,,,,
,,,,,,,Wwtr1,,,,,,,
,,,,,,,Anapc2,,,,,,,
,,,,,,,Cyb5r3,,,,,,,
,,,,,,,Spcs1,,,,,,,
,,,,,,,Rer1,,,,,,,
,,,,,,,Sfxn3,,,,,,,
,,,,,,,Bud31,,,,,,,
,,,,,,,Efna4,,,,,,,
,,,,,,,Psmb6,,,,,,,
,,,,,,,Vapa,,,,,,,
,,,,,,,Chtop,,,,,,,
,,,,,,,Chtf8,,,,,,,
,,,,,,,Mapk3,,,,,,,
,,,,,,,Clptm1,,,,,,,
,,,,,,,Ssbp1,,,,,,,
,,,,,,,Rab38,,,,,,,
,,,,,,,Sfpq,,,,,,,
,,,,,,,Dlgap4,,,,,,,
,,,,,,,Fubp1,,,,,,,
,,,,,,,Mad2l2,,,,,,,
,,,,,,,Efhd2,,,,,,,
,,,,,,,Slc25a24,,,,,,,
,,,,,,,Cops2,,,,,,,
,,,,,,,Gnl2,,,,,,,
,,,,,,,Fopnl,,,,,,,
,,,,,,,Syf2,,,,,,,
,,,,,,,Tma7,,,,,,,
,,,,,,,Sdf2,,,,,,,
,,,,,,,Acin1,,,,,,,
,,,,,,,Pomp,,,,,,,
,,,,,,,Abcf1,,,,,,,
,,,,,,,Gpx1,,,,,,,
,,,,,,,B9d1,,,,,,,
,,,,,,,Cwc15,,,,,,,
,,,,,,,Mapk13,,,,,,,
,,,,,,,Slc9a3r1,,,,,,,
,,,,,,,Prpf40a,,,,,,,
,,,,,,,Med10,,,,,,,
,,,,,,,Tubb2a,,,,,,,
,,,,,,,Nectin4,,,,,,,
,,,,,,,Rab11a,,,,,,,
,,,,,,,Golga7,,,,,,,
,,,,,,,Sac3d1,,,,,,,
,,,,,,,Fam234a,,,,,,,
,,,,,,,Exosc4,,,,,,,
,,,,,,,Ccdc59,,,,,,,
,,,,,,,Emc10,,,,,,,
,,,,,,,Wasf2,,,,,,,
,,,,,,,Tspan4,,,,,,,
,,,,,,,Vapb,,,,,,,
,,,,,,,Asna1,,,,,,,
,,,,,,,Pebp1,,,,,,,
,,,,,,,Ilf2,,,,,,,
,,,,,,,Nae1,,,,,,,
,,,,,,,Ginm1,,,,,,,
,,,,,,,Mrpl21,,,,,,,
,,,,,,,Pdk3,,,,,,,
,,,,,,,Srp19,,,,,,,
,,,,,,,Sp110,,,,,,,
,,,,,,,Rps16-ps2,,,,,,,
,,,,,,,Trip10,,,,,,,
,,,,,,,Cnot8,,,,,,,
,,,,,,,Ece1,,,,,,,
,,,,,,,0610040J01Rik,,,,,,,
,,,,,,,Rps29,,,,,,,
,,,,,,,Kdelr1,,,,,,,
,,,,,,,Rnaseh2c,,,,,,,
,,,,,,,Pfdn6,,,,,,,
,,,,,,,Prpf19,,,,,,,
,,,,,,,Sbno1,,,,,,,
,,,,,,,Thoc7,,,,,,,
,,,,,,,Gm2000,,,,,,,
,,,,,,,Rhbdf1,,,,,,,
,,,,,,,G3bp2,,,,,,,
,,,,,,,Nck1,,,,,,,
,,,,,,,Metrnl,,,,,,,
,,,,,,,Mrps17,,,,,,,
,,,,,,,Fam96a,,,,,,,
,,,,,,,Ehd1,,,,,,,
,,,,,,,Atp6v1d,,,,,,,
,,,,,,,Nectin2,,,,,,,
,,,,,,,Rbm8a,,,,,,,
,,,,,,,Fnbp1l,,,,,,,
,,,,,,,Rrs1,,,,,,,
,,,,,,,Reep3,,,,,,,
,,,,,,,Zc2hc1a,,,,,,,
,,,,,,,Ndufs4,,,,,,,
,,,,,,,Sh3gl1,,,,,,,
,,,,,,,Ppid,,,,,,,
,,,,,,,Gabarapl1,,,,,,,
,,,,,,,Rars,,,,,,,
,,,,,,,Napa,,,,,,,
,,,,,,,Iigp1,,,,,,,
,,,,,,,Mpzl1,,,,,,,
,,,,,,,Gm26917,,,,,,,
,,,,,,,Nfu1,,,,,,,
,,,,,,,Strn4,,,,,,,
,,,,,,,Pkp2,,,,,,,
,,,,,,,Ctnnbip1,,,,,,,
,,,,,,,Nipsnap3b,,,,,,,
,,,,,,,Pepd,,,,,,,
,,,,,,,Psmb4,,,,,,,
,,,,,,,Zwint,,,,,,,
,,,,,,,Slc6a14,,,,,,,
,,,,,,,Ppp3ca,,,,,,,
,,,,,,,Sltm,,,,,,,
,,,,,,,Pnn,,,,,,,
,,,,,,,Mal2,,,,,,,
,,,,,,,Otub1,,,,,,,
,,,,,,,Lgals3bp,,,,,,,
,,,,,,,Ctnnbl1,,,,,,,
,,,,,,,Mrfap1,,,,,,,
,,,,,,,B4galnt1,,,,,,,
,,,,,,,R3hdml,,,,,,,
,,,,,,,Gcnt2,,,,,,,
,,,,,,,Dcakd,,,,,,,
,,,,,,,Rbm17,,,,,,,
,,,,,,,Tmem65,,,,,,,
,,,,,,,Fat1,,,,,,,
,,,,,,,Anxa4,,,,,,,
,,,,,,,Rplp1,,,,,,,
,,,,,,,Acer2,,,,,,,
,,,,,,,Nap1l4,,,,,,,
,,,,,,,Riok3,,,,,,,
,,,,,,,Snf8,,,,,,,
,,,,,,,Pef1,,,,,,,
,,,,,,,Gm19990,,,,,,,
,,,,,,,Rps28,,,,,,,
,,,,,,,Gspt1,,,,,,,
,,,,,,,Ndufv1,,,,,,,
,,,,,,,Rrp1,,,,,,,
,,,,,,,Sh3glb1,,,,,,,
,,,,,,,Gm24949,,,,,,,
,,,,,,,Chordc1,,,,,,,
,,,,,,,Rpl18,,,,,,,
,,,,,,,B4galt1,,,,,,,
,,,,,,,Mcts1,,,,,,,
,,,,,,,Wdr83os,,,,,,,
,,,,,,,Pigs,,,,,,,
,,,,,,,Atp5o,,,,,,,
,,,,,,,Gusb,,,,,,,
,,,,,,,F2rl1,,,,,,,
,,,,,,,Tmem120a,,,,,,,
,,,,,,,Gsto1,,,,,,,
,,,,,,,Mcrip1,,,,,,,
,,,,,,,Wnt7b,,,,,,,
,,,,,,,Ap3s2,,,,,,,
,,,,,,,Gpc4,,,,,,,
,,,,,,,Cdc42ep1,,,,,,,
,,,,,,,Arhgef16,,,,,,,
,,,,,,,Tcf3,,,,,,,
,,,,,,,Ppil1,,,,,,,
,,,,,,,Ndufa5,,,,,,,
,,,,,,,Magohb,,,,,,,
,,,,,,,Lypla2,,,,,,,
,,,,,,,9530068E07Rik,,,,,,,
,,,,,,,Sfxn1,,,,,,,
,,,,,,,Ik,,,,,,,
,,,,,,,Hdac1,,,,,,,
,,,,,,,Map7d1,,,,,,,
,,,,,,,Atad1,,,,,,,
,,,,,,,Rnf187,,,,,,,
,,,,,,,Ssrp1,,,,,,,
,,,,,,,Clip4,,,,,,,
,,,,,,,Ndfip2,,,,,,,
,,,,,,,Ubl4a,,,,,,,
,,,,,,,Hyal2,,,,,,,
,,,,,,,Pnisr,,,,,,,
,,,,,,,Acp1,,,,,,,
,,,,,,,Nedd9,,,,,,,
,,,,,,,Dlat,,,,,,,
,,,,,,,Srsf1,,,,,,,
,,,,,,,Tomm20,,,,,,,
,,,,,,,Mrps21,,,,,,,
,,,,,,,Pnrc1,,,,,,,
,,,,,,,Aip,,,,,,,
,,,,,,,Arpc1b,,,,,,,
,,,,,,,Atp5h,,,,,,,
,,,,,,,Slc35e4,,,,,,,
,,,,,,,Tnfrsf1b,,,,,,,
,,,,,,,Camk2d,,,,,,,
,,,,,,,Tomm5,,,,,,,
,,,,,,,Ift27,,,,,,,
,,,,,,,Krcc1,,,,,,,
,,,,,,,Nelfe,,,,,,,
,,,,,,,Lsm5,,,,,,,
,,,,,,,Apex1,,,,,,,
,,,,,,,Htra2,,,,,,,
,,,,,,,Hdgf,,,,,,,
,,,,,,,Ube2d1,,,,,,,
,,,,,,,Brix1,,,,,,,
,,,,,,,Tob1,,,,,,,
,,,,,,,Gm12481,,,,,,,
,,,,,,,Pdrg1,,,,,,,
,,,,,,,Pcbd1,,,,,,,
,,,,,,,Gsr,,,,,,,
,,,,,,,Fuca1,,,,,,,
,,,,,,,R3hdm4,,,,,,,
,,,,,,,Eif5,,,,,,,
,,,,,,,Map2k2,,,,,,,
,,,,,,,Sh3bgr,,,,,,,
,,,,,,,Lima1,,,,,,,
,,,,,,,Tmem14c,,,,,,,
,,,,,,,Utp18,,,,,,,
,,,,,,,Syne2,,,,,,,
,,,,,,,Plscr1,,,,,,,
,,,,,,,Cbx1,,,,,,,
,,,,,,,Adipor1,,,,,,,
,,,,,,,Rab34,,,,,,,
,,,,,,,Sf3b5,,,,,,,
,,,,,,,Naxd,,,,,,,
,,,,,,,Ldlrad4,,,,,,,
,,,,,,,Irf2bpl,,,,,,,
,,,,,,,Pmpcb,,,,,,,
,,,,,,,Mapre1,,,,,,,
,,,,,,,Cpsf6,,,,,,,
,,,,,,,Pycr2,,,,,,,
,,,,,,,Phf11d,,,,,,,
,,,,,,,Nudc,,,,,,,
,,,,,,,Spats2l,,,,,,,
,,,,,,,Ubxn4,,,,,,,
,,,,,,,Fam103a1,,,,,,,
,,,,,,,Rps21,,,,,,,
,,,,,,,Pole3,,,,,,,
,,,,,,,Minos1,,,,,,,
,,,,,,,Ip6k2,,,,,,,
,,,,,,,Aamp,,,,,,,
,,,,,,,P2rx4,,,,,,,
,,,,,,,Ninj1,,,,,,,
,,,,,,,Gata6,,,,,,,
,,,,,,,Zranb2,,,,,,,
,,,,,,,Phax,,,,,,,
,,,,,,,Yy1,,,,,,,
,,,,,,,Cldnd1,,,,,,,
,,,,,,,Psmd1,,,,,,,
,,,,,,,Trappc4,,,,,,,
,,,,,,,H2-Oa,,,,,,,
,,,,,,,Mrpl39,,,,,,,
,,,,,,,Pdha1,,,,,,,
,,,,,,,Misp,,,,,,,
,,,,,,,Ndufb6,,,,,,,
,,,,,,,Strap,,,,,,,
,,,,,,,Sike1,,,,,,,
,,,,,,,Mgat2,,,,,,,
,,,,,,,Faim,,,,,,,
,,,,,,,Ifi27l2a,,,,,,,
,,,,,,,Ddx41,,,,,,,
,,,,,,,Samm50,,,,,,,
,,,,,,,Ruvbl1,,,,,,,
,,,,,,,M6pr,,,,,,,
,,,,,,,Nr1h2,,,,,,,
,,,,,,,Twf1,,,,,,,
,,,,,,,Memo1,,,,,,,
,,,,,,,Ets1,,,,,,,
,,,,,,,1810037I17Rik,,,,,,,
,,,,,,,Fau,,,,,,,
,,,,,,,Tsc22d1,,,,,,,
,,,,,,,Tars,,,,,,,
,,,,,,,Cd151,,,,,,,
,,,,,,,Lrrc59,,,,,,,
,,,,,,,Snx4,,,,,,,
,,,,,,,Timm13,,,,,,,
,,,,,,,Atp5d,,,,,,,
,,,,,,,Luzp1,,,,,,,
,,,,,,,Slc38a10,,,,,,,
,,,,,,,Copb2,,,,,,,
,,,,,,,Clic5,,,,,,,
,,,,,,,Hspbp1,,,,,,,
,,,,,,,Ttc9,,,,,,,
,,,,,,,Eef1d,,,,,,,
,,,,,,,Mrpl22,,,,,,,
,,,,,,,Akap9,,,,,,,
,,,,,,,Anxa7,,,,,,,
,,,,,,,Maea,,,,,,,
,,,,,,,Eif1b,,,,,,,
,,,,,,,Rtfdc1,,,,,,,
,,,,,,,Eif4g2,,,,,,,
,,,,,,,Traf2,,,,,,,
,,,,,,,Lxn,,,,,,,
,,,,,,,Ptprs,,,,,,,
,,,,,,,Cd2ap,,,,,,,
,,,,,,,Fbxo22,,,,,,,
,,,,,,,Anapc11,,,,,,,
,,,,,,,Rbm7,,,,,,,
,,,,,,,Tmbim6,,,,,,,
,,,,,,,Rnf7,,,,,,,
,,,,,,,Ttc33,,,,,,,
,,,,,,,Arpin,,,,,,,
,,,,,,,Os9,,,,,,,
,,,,,,,Uqcrb,,,,,,,
,,,,,,,Akr7a5,,,,,,,
,,,,,,,Fam192a,,,,,,,
,,,,,,,Pbxip1,,,,,,,
,,,,,,,Dnajc7,,,,,,,
,,,,,,,Lsm6,,,,,,,
,,,,,,,Brd4,,,,,,,
,,,,,,,Fam216a,,,,,,,
,,,,,,,Cmc1,,,,,,,